{
  "day0_high": {
    "train": {
      "mae": 3063.6519849474516,
      "rmse": 5687.32826094494,
      "r2": 0.9426214331837174,
      "mape": 19.39801867400255
    },
    "test": {
      "mae": 5896.589363649023,
      "rmse": 10210.332988084723,
      "r2": 0.8089182125095326,
      "mape": 37.34285569891465
    },
    "feature_importance": [
      0.538611410382828,
      0.012158203335209745,
      0.004114630150352234,
      0.03608703110626553,
      0.006070990825270169,
      0.0,
      0.005426337971650738,
      0.0,
      0.0,
      0.003225370436077683,
      0.0,
      0.002202278157715279,
      6.569667275114353e-05,
      0.01365116441029923,
      0.0035569076647610893,
      0.0033187976902703813,
      0.0,
      0.005372700721630328,
      0.0,
      0.014230039284353718,
      0.06556259586779296,
      0.06422186550181276,
      0.19264696075333487,
      0.005899724678934737,
      0.006793891500895975,
      0.01678340288779347
    ]
  },
  "day0_close": {
    "train": {
      "mae": 2446.379840488052,
      "rmse": 4905.877873630536,
      "r2": 0.9425658851996733,
      "mape": 19.942545446672096
    },
    "test": {
      "mae": 4949.323793334589,
      "rmse": 9894.388014211534,
      "r2": 0.7729426538166163,
      "mape": 37.77273008158611
    },
    "feature_importance": [
      0.5618255167789876,
      0.007108937632106082,
      0.0030833149060957555,
      0.02459183414648166,
      0.001998117968250547,
      0.0,
      0.010275705980181064,
      0.0,
      0.0,
      0.005640798309821175,
      0.0,
      0.0005567787233337424,
      0.0006563697898211484,
      0.007304014570597089,
      0.0024513744464026623,
      0.008145101554052334,
      0.0,
      0.00709048119214284,
      0.0,
      0.0190719154872811,
      0.027390771531406864,
      0.07543757287481775,
      0.20858453057629042,
      0.007813929750055784,
      0.014939344258875952,
      0.0060335895229983545
    ]
  },
  "day1_close": {
    "train": {
      "mae": 2627.7868839623993,
      "rmse": 5293.384639934563,
      "r2": 0.9365450437285601,
      "mape": Infinity
    },
    "test": {
      "mae": 5170.436244196349,
      "rmse": 9737.771666517481,
      "r2": 0.7733410461424147,
      "mape": Infinity
    },
    "feature_importance": [
      0.5190119382805368,
      0.008158268504537469,
      0.0030468766247949185,
      0.020748133746481344,
      0.00518759412515184,
      0.0,
      0.008270816158443892,
      0.0,
      0.0,
      0.005903963042581901,
      0.0,
      0.00038002580268450397,
      3.51679263917964e-05,
      0.009795434297115437,
      0.0017375712139464277,
      0.00732557577874722,
      0.0,
      0.0034760125828270623,
      0.0,
      0.01806270567118813,
      0.01956910849283018,
      0.09042055362147952,
      0.24170991680369097,
      0.02067159673882586,
      0.010866615027075291,
      0.005622125560669434
    ]
  }
}